<?xml version="1.0" encoding="utf-8"?>
<!--/1311409/847168/2.50/29/3/Integrated Circuit/-->
<quadcept_library>
  <setting unit="mil" />
  <textstyle name="Default" height="47.244094488189" strokewidth="7.8740157480315" charwidth="47.244094488189" />
  <textstyle name="Dimension" height="19.6850393700787" strokewidth="0" charwidth="19.6850393700787" />
  <textstyle name="H127W0635TH00762" height="50" strokewidth="3" charwidth="25" />
  <textstyle name="H15W15TH02" height="59.0551181102362" strokewidth="7.8740157480315" charwidth="59.0551181102362" />
  <padstyle name="r85_30" surface="True" plated="False" isvia="False" nopaste="False" nomask="True" complex="False" holesize="0">
    <padshape layer="TOP" shape="rectangle" width="11.811023622047" height="33.464566929133" />
    <padshape layer="TOP_SOLDER_PASTE" shape="rectangle" width="11.811023622047" height="33.464566929133" />
    <padshape layer="TOP_SOLDER_MASK" shape="rectangle" width="19.685039370078" height="41.338582677165" />
  </padstyle>
  <padstyle name="r365_265" surface="True" plated="False" isvia="False" nopaste="False" nomask="True" complex="False" holesize="0">
    <padshape layer="TOP" shape="rectangle" width="104.33070866142" height="143.70078740157" />
    <padshape layer="TOP_SOLDER_MASK" shape="rectangle" width="112.20472440945" height="151.5748031496" />
    <padshape layer="TOP_SOLDER_PASTE" shape="rectangle" width="104.33070866142" height="143.70078740157" />
  </padstyle>
  <footprint name="QFN50P400X500X100-29N" originx="0" originy="0" pickpointx="0" pickpointy="0">
    <pcbpin number="1" name="1" style="r85_30" originx="-76.771653543306" originy="68.897637795275" rotation="90" />
    <pcbpin number="2" name="2" style="r85_30" originx="-76.771653543306" originy="49.212598425196" rotation="90" />
    <pcbpin number="3" name="3" style="r85_30" originx="-76.771653543306" originy="29.527559055118" rotation="90" />
    <pcbpin number="4" name="4" style="r85_30" originx="-76.771653543306" originy="9.8425196850392" rotation="90" />
    <pcbpin number="5" name="5" style="r85_30" originx="-76.771653543306" originy="-9.8425196850392" rotation="90" />
    <pcbpin number="6" name="6" style="r85_30" originx="-76.771653543306" originy="-29.527559055118" rotation="90" />
    <pcbpin number="7" name="7" style="r85_30" originx="-76.771653543306" originy="-49.212598425196" rotation="90" />
    <pcbpin number="8" name="8" style="r85_30" originx="-76.771653543306" originy="-68.897637795275" rotation="90" />
    <pcbpin number="9" name="9" style="r85_30" originx="-49.212598425196" originy="-96.456692913385" rotation="0" />
    <pcbpin number="10" name="10" style="r85_30" originx="-29.527559055118" originy="-96.456692913385" rotation="0" />
    <pcbpin number="11" name="11" style="r85_30" originx="-9.8425196850392" originy="-96.456692913385" rotation="0" />
    <pcbpin number="12" name="12" style="r85_30" originx="9.8425196850392" originy="-96.456692913385" rotation="0" />
    <pcbpin number="13" name="13" style="r85_30" originx="29.527559055118" originy="-96.456692913385" rotation="0" />
    <pcbpin number="14" name="14" style="r85_30" originx="49.212598425196" originy="-96.456692913385" rotation="0" />
    <pcbpin number="15" name="15" style="r85_30" originx="76.771653543306" originy="-68.897637795275" rotation="90" />
    <pcbpin number="16" name="16" style="r85_30" originx="76.771653543306" originy="-49.212598425196" rotation="90" />
    <pcbpin number="17" name="17" style="r85_30" originx="76.771653543306" originy="-29.527559055118" rotation="90" />
    <pcbpin number="18" name="18" style="r85_30" originx="76.771653543306" originy="-9.8425196850392" rotation="90" />
    <pcbpin number="19" name="19" style="r85_30" originx="76.771653543306" originy="9.8425196850392" rotation="90" />
    <pcbpin number="20" name="20" style="r85_30" originx="76.771653543306" originy="29.527559055118" rotation="90" />
    <pcbpin number="21" name="21" style="r85_30" originx="76.771653543306" originy="49.212598425196" rotation="90" />
    <pcbpin number="22" name="22" style="r85_30" originx="76.771653543306" originy="68.897637795275" rotation="90" />
    <pcbpin number="23" name="23" style="r85_30" originx="49.212598425196" originy="96.456692913385" rotation="0" />
    <pcbpin number="24" name="24" style="r85_30" originx="29.527559055118" originy="96.456692913385" rotation="0" />
    <pcbpin number="25" name="25" style="r85_30" originx="9.8425196850392" originy="96.456692913385" rotation="0" />
    <pcbpin number="26" name="26" style="r85_30" originx="-9.8425196850392" originy="96.456692913385" rotation="0" />
    <pcbpin number="27" name="27" style="r85_30" originx="-29.527559055118" originy="96.456692913385" rotation="0" />
    <pcbpin number="28" name="28" style="r85_30" originx="-49.212598425196" originy="96.456692913385" rotation="0" />
    <pcbpin number="29" name="29" style="r365_265" originx="0" originy="0" rotation="0" />
    <line layer="TOP_PLACE_BOUND" originx="-103.34645669291" originy="123.03149606299" endx="103.34645669291" endy="123.03149606299" width="1.9685039370079" />
    <line layer="TOP_PLACE_BOUND" originx="103.34645669291" originy="123.03149606299" endx="103.34645669291" endy="-123.03149606299" width="1.9685039370079" />
    <line layer="TOP_PLACE_BOUND" originx="103.34645669291" originy="-123.03149606299" endx="-103.34645669291" endy="-123.03149606299" width="1.9685039370079" />
    <line layer="TOP_PLACE_BOUND" originx="-103.34645669291" originy="-123.03149606299" endx="-103.34645669291" endy="123.03149606299" width="1.9685039370079" />
    <line layer="TOP_ASSEMBLY" originx="-78.740157480314" originy="98.425196850392" endx="78.740157480314" endy="98.425196850392" width="3.9370078740157" />
    <line layer="TOP_ASSEMBLY" originx="78.740157480314" originy="98.425196850392" endx="78.740157480314" endy="-98.425196850392" width="3.9370078740157" />
    <line layer="TOP_ASSEMBLY" originx="78.740157480314" originy="-98.425196850392" endx="-78.740157480314" endy="-98.425196850392" width="3.9370078740157" />
    <line layer="TOP_ASSEMBLY" originx="-78.740157480314" originy="-98.425196850392" endx="-78.740157480314" endy="98.425196850392" width="3.9370078740157" />
    <line layer="TOP_ASSEMBLY" originx="-78.740157480314" originy="78.740157480314" endx="-59.055118110235" endy="98.425196850392" width="3.9370078740157" />
    <arc layer="TOP_SILKSCREEN" originx="-93.503937007873" originy="98.425196850392" startangle="180" sweepangle="180" radius="4.9212598425196" width="9.8425196850392" />
    <arc layer="TOP_SILKSCREEN" originx="-93.503937007873" originy="98.425196850392" startangle="180" sweepangle="-180" radius="4.9212598425196" width="9.8425196850392" />
  </footprint>
  <symbol name="OPT3101RHFR" originx="0" originy="0">
    <line originx="200" originy="500" endx="1400" endy="500" width="0" />
    <line originx="1400" originy="-1300" endx="1400" endy="500" width="0" />
    <line originx="1400" originy="-1300" endx="200" endy="-1300" width="0" />
    <line originx="200" originy="500" endx="200" endy="-1300" width="0" />
    <sympin number="1" originx="200" originy="0" rotation="180" length="100" width="7.8740157480315" flipped="False">
      <text name="pinname" originx="230" originy="0" style="Default" rotation="0" justify="left" flipped="False" hidden="False" data="A1" />
      <text name="pindes" originx="140" originy="20" style="Default" rotation="0" justify="lowerright" flipped="False" hidden="False" data="1" />
    </sympin>
    <sympin number="2" originx="200" originy="-100" rotation="180" length="100" width="7.8740157480315" flipped="False">
      <text name="pinname" originx="230" originy="-100" style="Default" rotation="0" justify="left" flipped="False" hidden="False" data="A2" />
      <text name="pindes" originx="140" originy="-80" style="Default" rotation="0" justify="lowerright" flipped="False" hidden="False" data="2" />
    </sympin>
    <sympin number="3" originx="200" originy="-200" rotation="180" length="100" width="7.8740157480315" flipped="False">
      <text name="pinname" originx="230" originy="-200" style="Default" rotation="0" justify="left" flipped="False" hidden="False" data="IOVSS_1" />
      <text name="pindes" originx="140" originy="-180" style="Default" rotation="0" justify="lowerright" flipped="False" hidden="False" data="3" />
    </sympin>
    <sympin number="4" originx="200" originy="-300" rotation="180" length="100" width="7.8740157480315" flipped="False">
      <text name="pinname" originx="230" originy="-300" style="Default" rotation="0" justify="left" flipped="False" hidden="False" data="TX2" />
      <text name="pindes" originx="140" originy="-280" style="Default" rotation="0" justify="lowerright" flipped="False" hidden="False" data="4" />
    </sympin>
    <sympin number="5" originx="200" originy="-400" rotation="180" length="100" width="7.8740157480315" flipped="False">
      <text name="pinname" originx="230" originy="-400" style="Default" rotation="0" justify="left" flipped="False" hidden="False" data="TX1" />
      <text name="pindes" originx="140" originy="-380" style="Default" rotation="0" justify="lowerright" flipped="False" hidden="False" data="5" />
    </sympin>
    <sympin number="6" originx="200" originy="-500" rotation="180" length="100" width="7.8740157480315" flipped="False">
      <text name="pinname" originx="230" originy="-500" style="Default" rotation="0" justify="left" flipped="False" hidden="False" data="VSSL" />
      <text name="pindes" originx="140" originy="-480" style="Default" rotation="0" justify="lowerright" flipped="False" hidden="False" data="6" />
    </sympin>
    <sympin number="7" originx="200" originy="-600" rotation="180" length="100" width="7.8740157480315" flipped="False">
      <text name="pinname" originx="230" originy="-600" style="Default" rotation="0" justify="left" flipped="False" hidden="False" data="TX0" />
      <text name="pindes" originx="140" originy="-580" style="Default" rotation="0" justify="lowerright" flipped="False" hidden="False" data="7" />
    </sympin>
    <sympin number="8" originx="200" originy="-700" rotation="180" length="100" width="7.8740157480315" flipped="False">
      <text name="pinname" originx="230" originy="-700" style="Default" rotation="0" justify="left" flipped="False" hidden="False" data="IOVSS_2" />
      <text name="pindes" originx="140" originy="-680" style="Default" rotation="0" justify="lowerright" flipped="False" hidden="False" data="8" />
    </sympin>
    <sympin number="9" originx="500" originy="-1300" rotation="270" length="100" width="7.8740157480315" flipped="False">
      <text name="pinname" originx="500" originy="-1270" style="Default" rotation="0" justify="left" flipped="False" hidden="False" data="IOVDD_1" />
      <text name="pindes" originx="480" originy="-1360" style="Default" rotation="0" justify="lowerright" flipped="False" hidden="False" data="9" />
    </sympin>
    <sympin number="10" originx="600" originy="-1300" rotation="270" length="100" width="7.8740157480315" flipped="False">
      <text name="pinname" originx="600" originy="-1270" style="Default" rotation="0" justify="left" flipped="False" hidden="False" data="IOVDD_2" />
      <text name="pindes" originx="580" originy="-1360" style="Default" rotation="0" justify="lowerright" flipped="False" hidden="False" data="10" />
    </sympin>
    <sympin number="11" originx="700" originy="-1300" rotation="270" length="100" width="7.8740157480315" flipped="False">
      <text name="pinname" originx="700" originy="-1270" style="Default" rotation="0" justify="left" flipped="False" hidden="False" data="GP1" />
      <text name="pindes" originx="680" originy="-1360" style="Default" rotation="0" justify="lowerright" flipped="False" hidden="False" data="11" />
    </sympin>
    <sympin number="12" originx="800" originy="-1300" rotation="270" length="100" width="7.8740157480315" flipped="False">
      <text name="pinname" originx="800" originy="-1270" style="Default" rotation="0" justify="left" flipped="False" hidden="False" data="GP2" />
      <text name="pindes" originx="780" originy="-1360" style="Default" rotation="0" justify="lowerright" flipped="False" hidden="False" data="12" />
    </sympin>
    <sympin number="13" originx="900" originy="-1300" rotation="270" length="100" width="7.8740157480315" flipped="False">
      <text name="pinname" originx="900" originy="-1270" style="Default" rotation="0" justify="left" flipped="False" hidden="False" data="SCL_S" />
      <text name="pindes" originx="880" originy="-1360" style="Default" rotation="0" justify="lowerright" flipped="False" hidden="False" data="13" />
    </sympin>
    <sympin number="14" originx="1000" originy="-1300" rotation="270" length="100" width="7.8740157480315" flipped="False">
      <text name="pinname" originx="1000" originy="-1270" style="Default" rotation="0" justify="left" flipped="False" hidden="False" data="SDA_S" />
      <text name="pindes" originx="980" originy="-1360" style="Default" rotation="0" justify="lowerright" flipped="False" hidden="False" data="14" />
    </sympin>
    <sympin number="22" originx="1400" originy="0" rotation="0" length="100" width="7.8740157480315" flipped="False">
      <text name="pinname" originx="1370" originy="0" style="Default" rotation="0" justify="right" flipped="False" hidden="False" data="NC" />
      <text name="pindes" originx="1460" originy="20" style="Default" rotation="0" justify="lowerleft" flipped="False" hidden="False" data="22" />
    </sympin>
    <sympin number="21" originx="1400" originy="-100" rotation="0" length="100" width="7.8740157480315" flipped="False">
      <text name="pinname" originx="1370" originy="-100" style="Default" rotation="0" justify="right" flipped="False" hidden="False" data="AVDD" />
      <text name="pindes" originx="1460" originy="-80" style="Default" rotation="0" justify="lowerleft" flipped="False" hidden="False" data="21" />
    </sympin>
    <sympin number="20" originx="1400" originy="-200" rotation="0" length="100" width="7.8740157480315" flipped="False">
      <text name="pinname" originx="1370" originy="-200" style="Default" rotation="0" justify="right" flipped="False" hidden="False" data="AVDD3" />
      <text name="pindes" originx="1460" originy="-180" style="Default" rotation="0" justify="lowerleft" flipped="False" hidden="False" data="20" />
    </sympin>
    <sympin number="19" originx="1400" originy="-300" rotation="0" length="100" width="7.8740157480315" flipped="False">
      <text name="pinname" originx="1370" originy="-300" style="Default" rotation="0" justify="right" flipped="False" hidden="False" data="DVDD" />
      <text name="pindes" originx="1460" originy="-280" style="Default" rotation="0" justify="lowerleft" flipped="False" hidden="False" data="19" />
    </sympin>
    <sympin number="18" originx="1400" originy="-400" rotation="0" length="100" width="7.8740157480315" flipped="False">
      <text name="pinname" originx="1370" originy="-400" style="Default" rotation="0" justify="right" flipped="False" hidden="False" data="REG_MODE" />
      <text name="pindes" originx="1460" originy="-380" style="Default" rotation="0" justify="lowerleft" flipped="False" hidden="False" data="18" />
    </sympin>
    <sympin number="17" originx="1400" originy="-500" rotation="0" length="100" width="7.8740157480315" flipped="False">
      <text name="pinname" originx="1370" originy="-500" style="Default" rotation="0" justify="right" flipped="False" hidden="False" data="\RST_MS" />
      <text name="pindes" originx="1460" originy="-480" style="Default" rotation="0" justify="lowerleft" flipped="False" hidden="False" data="17" />
    </sympin>
    <sympin number="16" originx="1400" originy="-600" rotation="0" length="100" width="7.8740157480315" flipped="False">
      <text name="pinname" originx="1370" originy="-600" style="Default" rotation="0" justify="right" flipped="False" hidden="False" data="SDA_M" />
      <text name="pindes" originx="1460" originy="-580" style="Default" rotation="0" justify="lowerleft" flipped="False" hidden="False" data="16" />
    </sympin>
    <sympin number="15" originx="1400" originy="-700" rotation="0" length="100" width="7.8740157480315" flipped="False">
      <text name="pinname" originx="1370" originy="-700" style="Default" rotation="0" justify="right" flipped="False" hidden="False" data="SCL_M" />
      <text name="pindes" originx="1460" originy="-680" style="Default" rotation="0" justify="lowerleft" flipped="False" hidden="False" data="15" />
    </sympin>
    <sympin number="29" originx="500" originy="500" rotation="90" length="100" width="7.8740157480315" flipped="False">
      <text name="pinname" originx="500" originy="470" style="Default" rotation="0" justify="right" flipped="False" hidden="False" data="EP" />
      <text name="pindes" originx="480" originy="560" style="Default" rotation="0" justify="lowerleft" flipped="False" hidden="False" data="29" />
    </sympin>
    <sympin number="28" originx="600" originy="500" rotation="90" length="100" width="7.8740157480315" flipped="False">
      <text name="pinname" originx="600" originy="470" style="Default" rotation="0" justify="right" flipped="False" hidden="False" data="A0" />
      <text name="pindes" originx="580" originy="560" style="Default" rotation="0" justify="lowerleft" flipped="False" hidden="False" data="28" />
    </sympin>
    <sympin number="27" originx="700" originy="500" rotation="90" length="100" width="7.8740157480315" flipped="False">
      <text name="pinname" originx="700" originy="470" style="Default" rotation="0" justify="right" flipped="False" hidden="False" data="AVSS_3" />
      <text name="pindes" originx="680" originy="560" style="Default" rotation="0" justify="lowerleft" flipped="False" hidden="False" data="27" />
    </sympin>
    <sympin number="26" originx="800" originy="500" rotation="90" length="100" width="7.8740157480315" flipped="False">
      <text name="pinname" originx="800" originy="470" style="Default" rotation="0" justify="right" flipped="False" hidden="False" data="AVSS_2" />
      <text name="pindes" originx="780" originy="560" style="Default" rotation="0" justify="lowerleft" flipped="False" hidden="False" data="26" />
    </sympin>
    <sympin number="25" originx="900" originy="500" rotation="90" length="100" width="7.8740157480315" flipped="False">
      <text name="pinname" originx="900" originy="470" style="Default" rotation="0" justify="right" flipped="False" hidden="False" data="INP" />
      <text name="pindes" originx="880" originy="560" style="Default" rotation="0" justify="lowerleft" flipped="False" hidden="False" data="25" />
    </sympin>
    <sympin number="24" originx="1000" originy="500" rotation="90" length="100" width="7.8740157480315" flipped="False">
      <text name="pinname" originx="1000" originy="470" style="Default" rotation="0" justify="right" flipped="False" hidden="False" data="INM" />
      <text name="pindes" originx="980" originy="560" style="Default" rotation="0" justify="lowerleft" flipped="False" hidden="False" data="24" />
    </sympin>
    <sympin number="23" originx="1100" originy="500" rotation="90" length="100" width="7.8740157480315" flipped="False">
      <text name="pinname" originx="1100" originy="470" style="Default" rotation="0" justify="right" flipped="False" hidden="False" data="AVSS_1" />
      <text name="pindes" originx="1080" originy="560" style="Default" rotation="0" justify="lowerleft" flipped="False" hidden="False" data="23" />
    </sympin>
  </symbol>
  <component name="OPT3101RHFR" designatorprefix="IC" height="39.370078740157" footprint="QFN50P400X500X100-29N">
    <comppin designator="1" sympin="1" pinswap="0" gateswap="0" gate="1" group="1" side="" type="Any" name="A1" />
    <comppin designator="2" sympin="2" pinswap="0" gateswap="0" gate="1" group="1" side="" type="Any" name="A2" />
    <comppin designator="3" sympin="3" pinswap="0" gateswap="0" gate="1" group="1" side="" type="Any" name="IOVSS_1" />
    <comppin designator="4" sympin="4" pinswap="0" gateswap="0" gate="1" group="1" side="" type="Any" name="TX2" />
    <comppin designator="5" sympin="5" pinswap="0" gateswap="0" gate="1" group="1" side="" type="Any" name="TX1" />
    <comppin designator="6" sympin="6" pinswap="0" gateswap="0" gate="1" group="1" side="" type="Any" name="VSSL" />
    <comppin designator="7" sympin="7" pinswap="0" gateswap="0" gate="1" group="1" side="" type="Any" name="TX0" />
    <comppin designator="8" sympin="8" pinswap="0" gateswap="0" gate="1" group="1" side="" type="Any" name="IOVSS_2" />
    <comppin designator="9" sympin="9" pinswap="0" gateswap="0" gate="1" group="1" side="" type="Any" name="IOVDD_1" />
    <comppin designator="10" sympin="10" pinswap="0" gateswap="0" gate="1" group="1" side="" type="Any" name="IOVDD_2" />
    <comppin designator="11" sympin="11" pinswap="0" gateswap="0" gate="1" group="1" side="" type="Any" name="GP1" />
    <comppin designator="12" sympin="12" pinswap="0" gateswap="0" gate="1" group="1" side="" type="Any" name="GP2" />
    <comppin designator="13" sympin="13" pinswap="0" gateswap="0" gate="1" group="1" side="" type="Any" name="SCL_S" />
    <comppin designator="14" sympin="14" pinswap="0" gateswap="0" gate="1" group="1" side="" type="Any" name="SDA_S" />
    <comppin designator="15" sympin="15" pinswap="0" gateswap="0" gate="1" group="1" side="" type="Any" name="SCL_M" />
    <comppin designator="16" sympin="16" pinswap="0" gateswap="0" gate="1" group="1" side="" type="Any" name="SDA_M" />
    <comppin designator="17" sympin="17" pinswap="0" gateswap="0" gate="1" group="1" side="" type="Any" name="|RST_MS" />
    <comppin designator="18" sympin="18" pinswap="0" gateswap="0" gate="1" group="1" side="" type="Any" name="REG_MODE" />
    <comppin designator="19" sympin="19" pinswap="0" gateswap="0" gate="1" group="1" side="" type="Any" name="DVDD" />
    <comppin designator="20" sympin="20" pinswap="0" gateswap="0" gate="1" group="1" side="" type="Any" name="AVDD3" />
    <comppin designator="21" sympin="21" pinswap="0" gateswap="0" gate="1" group="1" side="" type="Any" name="AVDD" />
    <comppin designator="22" sympin="22" pinswap="0" gateswap="0" gate="1" group="1" side="" type="Any" name="NC" />
    <comppin designator="23" sympin="23" pinswap="0" gateswap="0" gate="1" group="1" side="" type="Any" name="AVSS_1" />
    <comppin designator="24" sympin="24" pinswap="0" gateswap="0" gate="1" group="1" side="" type="Any" name="INM" />
    <comppin designator="25" sympin="25" pinswap="0" gateswap="0" gate="1" group="1" side="" type="Any" name="INP" />
    <comppin designator="26" sympin="26" pinswap="0" gateswap="0" gate="1" group="1" side="" type="Any" name="AVSS_2" />
    <comppin designator="27" sympin="27" pinswap="0" gateswap="0" gate="1" group="1" side="" type="Any" name="AVSS_3" />
    <comppin designator="28" sympin="28" pinswap="0" gateswap="0" gate="1" group="1" side="" type="Any" name="A0" />
    <comppin designator="29" sympin="29" pinswap="0" gateswap="0" gate="1" group="1" side="" type="Any" name="EP" />
    <attached_symbol gate="1" name="OPT3101RHFR" />
    <pinmap designator="1" footprintpin="1" />
    <pinmap designator="2" footprintpin="2" />
    <pinmap designator="3" footprintpin="3" />
    <pinmap designator="4" footprintpin="4" />
    <pinmap designator="5" footprintpin="5" />
    <pinmap designator="6" footprintpin="6" />
    <pinmap designator="7" footprintpin="7" />
    <pinmap designator="8" footprintpin="8" />
    <pinmap designator="9" footprintpin="9" />
    <pinmap designator="10" footprintpin="10" />
    <pinmap designator="11" footprintpin="11" />
    <pinmap designator="12" footprintpin="12" />
    <pinmap designator="13" footprintpin="13" />
    <pinmap designator="14" footprintpin="14" />
    <pinmap designator="15" footprintpin="15" />
    <pinmap designator="16" footprintpin="16" />
    <pinmap designator="17" footprintpin="17" />
    <pinmap designator="18" footprintpin="18" />
    <pinmap designator="19" footprintpin="19" />
    <pinmap designator="20" footprintpin="20" />
    <pinmap designator="21" footprintpin="21" />
    <pinmap designator="22" footprintpin="22" />
    <pinmap designator="23" footprintpin="23" />
    <pinmap designator="24" footprintpin="24" />
    <pinmap designator="25" footprintpin="25" />
    <pinmap designator="26" footprintpin="26" />
    <pinmap designator="27" footprintpin="27" />
    <pinmap designator="28" footprintpin="28" />
    <pinmap designator="29" footprintpin="29" />
    <text name="Datasheet" originx="0" originy="0" style="Default" rotation="0" justify="" flipped="False" hidden="True" data="http://www.ti.com/lit/gpn/opt3101" />
    <text name="Description" originx="0" originy="0" style="Default" rotation="0" justify="" flipped="False" hidden="True" data="ToF-Based Long-Range Proximity and Distance Sensor Analog Front End (AFE)" />
    <text name="Manufacturer_Name" originx="0" originy="0" style="Default" rotation="0" justify="" flipped="False" hidden="True" data="Texas Instruments" />
    <text name="Manufacturer_Part_Number" originx="1450" originy="600" style="Default" rotation="0" justify="left" flipped="False" hidden="False" data="OPT3101RHFR" />
    <text name="Mouser Part Number" originx="0" originy="0" style="Default" rotation="0" justify="" flipped="False" hidden="True" data="595-OPT3101RHFR" />
    <text name="Mouser Price/Stock" originx="0" originy="0" style="Default" rotation="0" justify="" flipped="False" hidden="True" data="https://www.mouser.co.uk/ProductDetail/Texas-Instruments/OPT3101RHFR?qs=gTYE2QTfZfTvqHztJ29%252Bbg%3D%3D" />
    <text name="Arrow Part Number" originx="0" originy="0" style="Default" rotation="0" justify="" flipped="False" hidden="True" data="OPT3101RHFR" />
    <text name="Arrow Price/Stock" originx="0" originy="0" style="Default" rotation="0" justify="" flipped="False" hidden="True" data="https://www.arrow.com/en/products/opt3101rhfr/texas-instruments?region=nac" />
  </component>
</quadcept_library>
